parking_spot_id,host_id,title,description,address,latitude,longitude,suburb,spot_size,access_type,price_per_hour,availability_calendar,height_restriction
1,26,Decentralized neutral toolset,"Safe weight give I. Church generation happen agency memory democratic skill character.
Affect he billion all speech here. Want car door.","756 Stephanie Crossing Apt. 669
Xavierland, SC 34056",40.4927091,-141.5820366,West Jesse,large,street,12.87,"23:21:49, 2024-02-13 to 00:21:49, 2024-02-14",
2,10,Horizontal client-driven middleware,"Clearly father there human. Fast drop be include. Recently simple improve he American.
Thought fear side it others something. Especially tend hundred as she military.","7650 Cochran Causeway Suite 954
Lake Victoria, OH 63144",-45.947235,-9.0659227,Lake Micheleton,standard,garage,12.96,"12:01:46, 2024-01-22 to 14:01:46, 2024-01-22",
3,99,Horizontal disintermediate throughput,Our race live put opportunity moment center. Trip rock official account. Shake while ten whole wall rest.,"885 Andersen Lane Suite 590
Sherrytown, ND 16262",68.619647,-27.3577329,Lake Mistyborough,large,driveway,7.87,"15:27:37, 2024-06-27 to 19:27:37, 2024-06-27",1.8
4,85,Re-contextualized asynchronous access,"Medical movement character bring. Yes teach when form second. Perform before today southern decision.
Thank big once turn social speech. Throughout issue game subject cover none.","88572 Phillip Views
West Heather, IA 86698",6.2425872,149.5402609,Jesusmouth,large,garage,4.55,"20:21:46, 2024-06-18 to 03:21:46, 2024-06-19",
5,34,Advanced multi-state archive,Play power risk yet or never. Artist represent like door reflect. Through approach structure. Energy season nature our camera perform mission.,"819 Andrew Shore Apt. 648
Torresstad, CA 35343",72.0875335,-153.4209555,North Heidiside,standard,garage,14.12,"20:29:23, 2024-06-17 to 06:29:23, 2024-06-18",
6,69,Integrated real-time knowledge user,Vote market suddenly woman. Require successful plan choose happen. Against develop become body study who up break.,"367 Munoz Meadow Apt. 815
Davidfurt, VA 63889",-80.3427186,153.2699929,New Tonya,standard,street,7.91,"02:30:47, 2024-05-03 to 13:30:47, 2024-05-03",
7,41,Ameliorated leadingedge knowledge user,"Enjoy forget thank national sure scientist gun. Agree can deep. Huge property beyond ready.
Probably age hard save find against dark. Use can total eye hair pattern.","664 Craig Squares
North Pamela, MO 59876",20.1263538,114.0744915,Litown,large,garage,7.37,"01:45:52, 2024-02-18 to 02:45:52, 2024-02-18",
8,23,Fundamental directional firmware,"Finally himself rise with sort avoid stock. Cost moment record keep sister. More better throughout off.
Listen reality sister administration trip realize ok.","312 Melinda Meadows
Lake Jacquelineborough, MI 51911",-28.0428101,-112.4419655,North Kellybury,compact,street,4.86,"10:54:52, 2024-06-14 to 16:54:52, 2024-06-14",
9,40,Secured composite website,"Edge lead agency hour. Management safe office best.
Among war sing effort matter list.","Unit 6537 Box 9007
DPO AA 61843",74.1923052,33.3804802,East Lesliechester,standard,gated,7.04,"21:31:21, 2024-01-18 to 02:31:21, 2024-01-19",
10,15,De-engineered impactful open system,"Own back room system doctor oil quite major. Need but address must beat shoulder end age.
Environmental civil collection. You son firm value. Consumer piece each draw green.","502 Klein Roads Suite 833
Christophermouth, TX 15990",-4.0597521,-162.3861444,Port Tammy,standard,garage,3.73,"04:59:46, 2024-04-14 to 09:59:46, 2024-04-14",2.35
11,5,Digitized tangible core,"Social share wonder few yeah million. Heavy power add performance turn floor.
Kind wife friend best between well. Beat step economic little open leg with.","760 Ross Points
Lindaland, OK 55719",-32.0819694,-176.9156319,South Alison,standard,driveway,12.75,"00:28:09, 2024-05-21 to 05:28:09, 2024-05-21",2.25
12,42,Profound neutral throughput,"Pressure cell food least north. Time blue child. Less everybody happen drug know.
Stuff likely left step from despite strategy. Collection card along read for drop term.","54168 Jacobs Prairie
Coleton, WV 21810",88.9564419,-20.535579,East John,compact,driveway,5.95,"09:11:09, 2024-04-25 to 10:11:09, 2024-04-25",2.63
13,83,Virtual mobile open system,Staff under serve far police ok. Ahead none often campaign assume case bit according. Instead watch cultural foot behind shoulder the. My level themselves up but.,"956 Sheri Mountain Suite 581
West Nathanshire, LA 67929",27.4979405,-74.0521159,Grahamborough,large,driveway,3.73,"13:41:23, 2024-02-05 to 17:41:23, 2024-02-05",
14,68,De-engineered user-facing frame,State image if official catch decide. Charge focus many campaign others rather. Partner fund three other.,"8037 Hines Freeway Suite 218
South Carmenshire, ND 01265",-47.8883646,-30.868687,Port Blakeland,compact,gated,12.13,"18:07:30, 2024-01-29 to 22:07:30, 2024-01-29",1.9
15,98,Reduced executive superstructure,"Project cup close we too say.
Night positive kitchen under both democratic child small. Production former lay few white.
Magazine scene great suddenly focus its. Church prevent anything work.","583 Campbell Throughway
South Wendy, IL 39103",-69.2035912,-60.6162326,Torrestown,standard,street,13.25,"08:53:24, 2024-03-17 to 18:53:24, 2024-03-17",1.51
16,8,Expanded eco-centric core,Sport put see nation factor against other. Grow expert sometimes economic million value. Reveal affect church note message pay site.,"8698 Brock Plaza
Cassidyberg, MP 34673",54.2480183,161.2793714,Williamsport,compact,garage,7.56,"17:42:01, 2024-05-22 to 21:42:01, 2024-05-22",
17,39,Fully-configurable static concept,"These government issue act. Painting wind economic notice bad lead. Child theory record wall create into exactly.
Off fund will key list these understand. Human site foreign individual nearly.","5756 Katherine Field
Brownhaven, UT 38929",-87.0116969,-17.1637139,Bakerchester,standard,garage,3.07,"12:17:21, 2024-03-22 to 00:17:21, 2024-03-23",
18,96,Reduced radical challenge,"Need guy subject economy. Per several production life mouth customer. Myself difficult land president shoulder.
Heavy modern who agree somebody at recently start. Subject beautiful southern.","671 Ward Via Apt. 140
West Wendyside, HI 07098",37.7823337,-155.9057469,Hughesmouth,standard,garage,13.93,"12:14:16, 2024-02-23 to 14:14:16, 2024-02-23",
19,60,Progressive heuristic parallelism,"To everybody song. Themselves feel power section factor quickly sign. Score over suddenly her debate.
Local prove language southern believe carry together. Agree hard property fund then ok eat.","9395 Shelly Burg
South Susanberg, AR 96217",45.4178391,7.8895399,South Robertborough,standard,street,13.49,"19:30:25, 2024-02-13 to 05:30:25, 2024-02-14",
20,42,Innovative fresh-thinking Graphic Interface,"Local reason throw would guess. Police pretty left article season though.
Move rich idea write that step security.","02220 Hill Cliff
Wardberg, MI 86379",-51.9928815,9.9545604,Zacharyside,standard,driveway,7.53,"00:33:16, 2024-01-23 to 04:33:16, 2024-01-23",1.69
21,10,Triple-buffered empowering open system,"Today onto meet pass focus suffer the. Various baby rich him.
Fight they actually participant nature field.
Seat face hotel budget third. National fact back fire image in. Cause run sort ground.","42039 Karen Neck Apt. 867
North Peggytown, FL 39174",-28.2346267,26.6497852,Larrytown,compact,street,8.46,"09:21:04, 2024-03-12 to 14:21:04, 2024-03-12",2.98
22,7,Proactive bifurcated benchmark,Since director these police successful bit. Story number it indicate one their under notice.,"373 Amber Mews
Lake Erica, FL 05001",50.9865555,173.8834019,Amyborough,compact,street,13.42,"00:22:47, 2024-02-28 to 02:22:47, 2024-02-28",
23,26,Right-sized leadingedge standardization,"Before result should decision natural trial common. Help evidence professor.
Effect worry bill to teach particular responsibility. Enough anything oil. Apply lose choose director drug.","0378 Jacqueline Rapids
Haroldton, WI 64675",-9.2198923,21.2441144,West Lukeport,compact,driveway,9.7,"02:09:41, 2024-04-05 to 09:09:41, 2024-04-05",2
24,54,Innovative executive solution,"Doctor opportunity out stock answer can according. Her mean one security.
Market phone work and level think. State say cover. Policy yet produce.","74911 Crawford Mill
South Stacey, MI 82802",-35.1910652,-14.6074908,Jennifershire,large,driveway,3.76,"20:32:21, 2024-03-27 to 01:32:21, 2024-03-28",
25,91,Self-enabling context-sensitive archive,"Team suggest give. Religious practice exactly worker coach course build. His box talk radio collection weight that.
Population pay hour ten appear write. Stuff hold finish.","780 Mallory Rest
Wademouth, MH 06294",-37.0372078,116.4921562,Alexanderland,compact,garage,10.71,"23:42:39, 2024-03-23 to 10:42:39, 2024-03-24",
26,96,Future-proofed reciprocal collaboration,"Industry discover send quite. Heart air whole. Hear side moment form size.
Sign small weight send everything gas. Place arrive popular commercial.","3440 Brad Causeway
Hoganberg, ME 36546",-66.8911428,121.4986173,Esparzaville,standard,driveway,7.37,"21:58:09, 2024-05-29 to 07:58:09, 2024-05-30",
27,67,Public-key tangible functionalities,"Arrive heavy fly some how yes. Measure one drug enter enough fund lead. Area put toward win act indicate discussion.
Vote piece value color way name. Music number meeting young general factor think.","3417 Lisa Locks
Gainesfurt, RI 31312",49.9433182,-35.6350832,Michaelberg,standard,street,10.94,"11:46:24, 2024-01-31 to 17:46:24, 2024-01-31",
28,89,Vision-oriented well-modulated methodology,Much election oil less entire six animal. Student itself throw administration safe mission trial. Let growth need population specific.,"Unit 4252 Box 3879
DPO AP 95389",-32.229391,-71.5986023,Starkport,large,street,14.95,"19:39:36, 2024-03-09 to 22:39:36, 2024-03-09",2.01
29,30,Persistent 3rdgeneration function,"Economy run system bring book. Mouth show low center national.
Myself likely partner member soon Republican. Outside contain our this physical.
Suffer be trial. Whom of make modern rate serve across.","73235 John Falls Apt. 415
Wallacechester, OK 80428",-55.5755399,98.0412682,West Andrew,large,gated,2.84,"05:53:42, 2024-05-22 to 13:53:42, 2024-05-22",
30,45,Balanced value-added paradigm,"Evening expect financial sit budget accept now. Cup need if theory at knowledge. Huge issue remember father.
Easy collection itself special. Anyone put spring describe clearly operation.","63233 Michael Loop Suite 388
Heathermouth, WA 09603",76.3267032,-112.7907341,Lake Sandra,standard,gated,3.09,"04:57:32, 2024-03-25 to 06:57:32, 2024-03-25",1.56
31,68,Upgradable radical framework,Drop catch and television budget. Television current many cup want she whom. Side three name always actually. Spend room professor step result exactly.,"05076 David Glens
Gregoryshire, PW 73504",19.2992232,163.5385736,Johnsonberg,compact,garage,2.17,"03:55:15, 2024-04-30 to 14:55:15, 2024-04-30",
32,53,Phased web-enabled orchestration,"Mouth by general everybody professional stuff father. Story fire girl thousand night rich.
Truth mind save. Year end claim later.
Result truth west benefit. Whatever ten field sister always model.","PSC 0565, Box 5465
APO AP 41204",-16.5624491,50.5171909,North Kimberly,compact,gated,4.52,"21:22:20, 2024-06-21 to 22:22:20, 2024-06-21",
33,20,De-engineered even-keeled extranet,Only assume oil marriage feel how. Professional air challenge finally future form. The discover player call.,"387 Robert Underpass Suite 950
Smithmouth, MS 46677",-12.394852,-55.773412,Robertfurt,standard,driveway,3.34,"06:20:16, 2024-04-21 to 10:20:16, 2024-04-21",
34,67,Virtual homogeneous archive,Clear piece direction can information spend. Agency back price start.,"97985 Robinson Ports
New Cynthia, FL 95522",4.1421965,1.8277279,East Johntown,standard,street,11.75,"09:24:06, 2024-06-23 to 18:24:06, 2024-06-23",2.4
35,67,Re-contextualized context-sensitive paradigm,"Few return seven easy hear behavior man. Here indeed bill behind general. Leave air carry support four.
Tell politics argue everyone weight write.","Unit 0563 Box 2116
DPO AP 10806",48.708734,-161.2782602,North Heatherfort,large,gated,5.48,"16:50:30, 2024-06-19 to 01:50:30, 2024-06-20",2.73
36,92,Robust scalable adapter,Mention present professor guy nation question campaign. Far push environment throw hundred range. Develop bad fact section.,"USNV Wiley
FPO AE 92403",-48.5394397,66.6846284,Lake Saraburgh,large,gated,4.1,"12:09:49, 2024-06-17 to 19:09:49, 2024-06-17",2.3
37,37,Extended encompassing forecast,"Race main face course recognize or sort. Head news get lawyer vote staff picture.
Pass of tonight career senior bit help college. Expect forward themselves heavy.","86528 Trevor Mountain Apt. 405
East Phillip, MN 09578",42.8089528,48.9500835,West Zachary,large,driveway,3.57,"23:59:29, 2024-05-22 to 08:59:29, 2024-05-23",1.57
38,81,Devolved empowering secured line,"Between around everybody beat difficult hundred radio. Small during staff daughter camera main something.
Action lead with argue.","Unit 3577 Box 3834
DPO AP 80436",69.5779281,113.9071628,Port Joshuaborough,compact,street,13.23,"16:31:36, 2024-06-17 to 17:31:36, 2024-06-17",2.84
39,10,Multi-channeled leadingedge access,Officer factor conference provide story place contain. Woman land candidate card behavior.,"49970 Copeland Avenue
Masseyberg, NV 90590",-52.8753382,-35.5930218,East Thomas,large,street,4.8,"12:23:27, 2024-01-12 to 21:23:27, 2024-01-12",
40,57,Cross-group 24hour moderator,"Indicate mean better. World book late them mind economic.
Well early role be. Thus protect list believe few center director.","5916 Edward Rue Suite 140
Stephenbury, MS 89414",25.1575704,61.7581739,Patrickshire,compact,gated,4.41,"15:43:44, 2024-04-19 to 23:43:44, 2024-04-19",2.34
41,27,Configurable scalable task-force,Drive officer us create north company player. Need source value scientist. Opportunity important trip gas.,"1619 Ricardo Loop
South Jason, CO 73798",-54.9652576,-29.0296481,Cindymouth,standard,driveway,14.91,"10:41:11, 2024-04-18 to 20:41:11, 2024-04-18",
42,82,Programmable system-worthy groupware,Interesting claim theory finally spend major water run. When market economy community.,"175 Shelton Well Apt. 939
North Angela, CT 55410",-5.5262166,175.8855553,Hunterborough,standard,gated,4.63,"11:03:06, 2024-02-16 to 12:03:06, 2024-02-16",
43,47,Seamless human-resource knowledgebase,"Agency local enough Congress. Very discuss begin lose clear stay spring can. Wide impact form often good expert interest.
Service run quite late maintain.","9327 Scott Meadows Apt. 415
Lake Tylerfurt, IN 57765",13.388955,-126.7458905,Kurtborough,compact,garage,7.81,"00:07:39, 2024-06-17 to 12:07:39, 2024-06-17",2.17
44,27,Horizontal needs-based instruction set,"Try respond just still.
Report avoid record not certain almost claim agent. Mr leader read detail pressure resource.","PSC 7802, Box 3065
APO AE 26758",-69.438868,-48.2482748,West Christine,large,street,9.12,"22:38:43, 2024-05-17 to 05:38:43, 2024-05-18",2.81
45,88,Virtual optimal service-desk,"Suffer wide outside information lot. Sit step experience level ready I. Line field training could probably.
Person detail should cup site. At travel notice now people attack build.","0296 Briggs Ramp Suite 087
Dannyland, WY 17840",-56.2971555,2.1796653,Williamsport,standard,garage,5.52,"06:24:59, 2024-06-24 to 16:24:59, 2024-06-24",
46,66,Implemented demand-driven circuit,"Finish put travel reveal. Enter ahead four although send again on.
Human sense account. Business down support finish improve interest but take.","PSC 2640, Box 6864
APO AE 06631",39.3355413,-161.4600483,Martinezton,compact,driveway,12.9,"04:31:35, 2024-06-05 to 11:31:35, 2024-06-05",
47,96,Multi-lateral needs-based task-force,Huge once sign possible lawyer. Deal than including edge address cell stuff. Big share surface nor buy trial. Animal respond better leave fund whose perform.,"6987 Ayers Creek
East Karen, CA 66961",17.3963929,-177.3613246,East Kathleenland,compact,gated,3.61,"05:24:48, 2024-05-06 to 09:24:48, 2024-05-06",2.18
48,86,Optional 4thgeneration architecture,Recent happy win information focus probably reality far. Southern lay cover determine speech. Account safe home again as indeed everyone bar. Dream finish community right.,"36007 Lee Trail
Schmidtburgh, UT 28477",56.6369837,-143.2907666,South Michellestad,compact,driveway,12.39,"06:48:10, 2024-05-18 to 16:48:10, 2024-05-18",2.72
49,92,Persistent full-range parallelism,"Field process push eight. Board possible impact hold yes. Understand capital contain dog play.
Task democratic huge even case. Art lot mean skill magazine design.","4589 Johnson Common Suite 668
Floresstad, TN 50317",-49.0101446,152.5317409,Jenningston,standard,street,10.2,"08:44:24, 2024-02-15 to 19:44:24, 2024-02-15",1.6
50,61,Focused systematic Graphic Interface,"Throughout into him reason rise no. Without seven author alone model serve. Call effort seat everybody.
That at glass draw political front. Government thank find chance compare road argue.","99235 Jackson Inlet
Hillbury, FM 41828",77.5910935,24.9771642,West Andre,standard,street,8.41,"10:03:12, 2024-06-17 to 14:03:12, 2024-06-17",2.99
51,69,Open-architected zero-defect forecast,"Miss movement parent out. East might chair create head.
Trial one quality. Trip kind option.
Guess quickly others type own play.","844 Susan Ways
Gouldfort, WY 06741",51.6005759,23.2051717,East Jose,large,driveway,2.55,"19:05:47, 2024-06-04 to 05:05:47, 2024-06-05",
52,72,Self-enabling multi-tasking model,"Music everybody side western sister. Political both try including machine personal.
Join bed sound technology worker evidence include. There structure partner blood take training.","4101 Wilson Hollow
South Aaron, GA 06291",-38.3314555,-127.0497021,West Christopher,standard,street,13.93,"01:43:21, 2024-02-21 to 08:43:21, 2024-02-21",
53,30,Balanced zero-defect knowledgebase,"Six table experience business enter certain about ability.
Several cold stay pressure goal program however. Test because nation keep of order.","482 Kevin Fall Suite 824
New Allisonbury, OK 72847",-60.155811,76.3060286,Jasmineshire,compact,gated,2.17,"21:24:04, 2024-04-25 to 02:24:04, 2024-04-26",
54,27,Stand-alone zero administration complexity,"Growth high whether kitchen. Difficult exactly source see the write. Million upon product almost make evening citizen.
Quality so good avoid place address special. Because animal clearly future.","2123 Carlos Trafficway
Patrickmouth, NC 80664",79.8660742,38.7674793,Marquezside,compact,driveway,10.9,"15:55:54, 2024-05-13 to 20:55:54, 2024-05-13",1.83
55,92,Future-proofed systemic algorithm,Institution artist remain fall man. Financial environment garden attack car company guess.,"PSC 9131, Box 5414
APO AE 16628",-30.4788396,19.8845644,Washingtonborough,large,driveway,3.71,"02:54:32, 2024-01-06 to 12:54:32, 2024-01-06",2.09
56,23,Multi-layered user-facing ability,Bit wonder in girl play investment my four. Someone where picture crime official voice yet scientist.,"895 John Corner Suite 273
East Julia, ME 78844",-32.6254187,126.1073987,Romerohaven,standard,gated,9.55,"05:57:36, 2024-03-22 to 17:57:36, 2024-03-22",
57,94,Re-engineered modular interface,Professor number population not. Within response value world bar democratic. Suffer yeah play car month certainly exist.,"8333 Cory Shore Suite 647
East John, MD 14106",28.7982028,-83.0790698,Millsfurt,standard,garage,3.25,"08:51:56, 2024-05-07 to 19:51:56, 2024-05-07",
58,95,Triple-buffered fault-tolerant pricing structure,"Partner onto street send executive authority at.
Involve window fire miss guy during draw. Audience land very brother me figure left yet.","3354 Murphy Shores Apt. 897
North Charles, AR 86185",-63.6705255,109.9802958,East Amy,compact,driveway,6.65,"11:41:36, 2024-05-28 to 23:41:36, 2024-05-28",
59,2,Re-contextualized regional conglomeration,"Time detail real. But material throughout.
Think use smile upon general eight. Rest street piece industry family art her degree.
Here now design whose risk. Man must lead hear.","91628 David Rest Apt. 075
East Davidchester, IA 71760",36.8460671,105.0146922,Taraside,large,driveway,3.28,"01:58:31, 2024-04-07 to 09:58:31, 2024-04-07",1.94
60,33,Focused clear-thinking moratorium,Politics song reality sing road you doctor office. Organization possible day sport. Strategy get different suddenly soldier benefit hour show.,"0545 George Crossing
Sheliamouth, KY 19886",80.0795158,163.7452367,Lake Deborahtown,standard,street,6.26,"18:39:10, 2024-03-13 to 21:39:10, 2024-03-13",
61,72,Up-sized value-added interface,Pay week third bit nature serve fund arm. Argue close how support them live take interest. Read material stand financial teach.,"7888 Samantha Club Suite 008
Lake Stephaniemouth, MS 58619",68.2446221,171.7783385,Rossport,compact,garage,2.89,"04:35:56, 2024-03-27 to 09:35:56, 2024-03-27",2.9
62,81,Profound heuristic knowledgebase,"Decision follow way present.
Big security foreign buy. Often entire research ok detail college. Growth song as face arrive around almost.","0079 Navarro Isle
South Laurahaven, IL 59080",85.5056169,-47.1596678,Cameronfurt,compact,driveway,6.46,"20:37:00, 2024-04-03 to 02:37:00, 2024-04-04",1.96
63,78,Operative heuristic software,"Water young Mr ahead political. Hospital central four.
Wonder possible decide least. Letter seat good single see approach choose.
Sure PM heavy PM side.","46943 Nina Mills
Port James, AL 74282",-54.8990796,67.6846155,Lake Elizabethfort,standard,driveway,7.48,"17:36:22, 2024-01-28 to 18:36:22, 2024-01-28",
64,60,Multi-tiered human-resource ability,"Ago bag far current sure. Effort officer phone describe right anyone. Scientist pressure success.
Agree be fight education turn peace. Book its economy term.","72881 Jodi Track
Carneyburgh, MN 95639",28.128486,103.3891346,Victoriabury,standard,gated,4.81,"03:41:09, 2024-03-08 to 14:41:09, 2024-03-08",
65,55,Diverse content-based methodology,Fall believe analysis different politics heart once. Mouth product shake weight present. As billion next plan.,"694 Horn Stravenue
West Mallory, ID 51198",0.0187183,-109.3263343,Jaclynstad,compact,street,10.63,"11:10:56, 2024-02-27 to 15:10:56, 2024-02-27",1.96
66,50,Grass-roots attitude-oriented task-force,Oil because town. Begin edge much accept at mouth spend get. Wall go less most public record other.,"9376 Amanda Walks
Ortegaton, NH 09846",60.5358098,151.8829109,Michelleview,compact,driveway,2.03,"15:54:00, 2024-01-06 to 22:54:00, 2024-01-06",
67,8,Re-engineered logistical implementation,"Positive event table policy yet recognize.
Certain leader decision beautiful choose. Beautiful threat like follow beautiful. Level teacher anyone draw bill skin however.","4266 Amber Stravenue
North Jeremystad, NH 94995",-67.6821979,-103.3563018,Watsonborough,large,gated,6.04,"17:32:13, 2024-04-17 to 03:32:13, 2024-04-18",
68,80,Pre-emptive tertiary definition,"Total treatment job. Huge forward blood voice partner probably western subject.
Western spring continue. Include however visit board. Measure everyone top toward available mean create.","234 Hall Islands
North Allenburgh, TN 47903",-44.9881138,-4.4182172,East Jamesfurt,compact,driveway,2.01,"09:38:12, 2024-06-20 to 14:38:12, 2024-06-20",2.39
69,94,Digitized motivating throughput,Instead month next garden but. Fast their natural nice well. Wear idea hundred it condition turn.,"7646 Gordon Junctions
Cooperville, VT 29508",30.1188695,-56.0897644,East Matthew,large,gated,11.79,"21:02:57, 2024-01-21 to 08:02:57, 2024-01-22",
70,65,Advanced static info-mediaries,"Gun safe opportunity decide high member. Player light impact customer what I.
Both character beyond administration individual. Option mind single.","758 Riggs Summit
Lake Jillland, AZ 90759",58.1261922,-51.1154374,New Jessicaberg,large,driveway,8.49,"01:08:10, 2024-05-11 to 03:08:10, 2024-05-11",
71,99,Customizable foreground concept,"Good special term case fill cut thought. Letter run exactly lawyer eight remain.
Force place notice involve establish. Among in firm west method.
Give education anyone.","2769 Amber Burg
Lake Morganstad, VT 45977",72.008714,160.1490368,Harrisside,standard,garage,12.4,"02:20:43, 2024-03-31 to 08:20:43, 2024-03-31",2.53
72,89,Re-engineered neutral superstructure,"Skin middle baby opportunity specific.
Financial party history number man. Heavy no near.
Front town bar low remember security why. Activity organization high son. Send rich hair positive.","3994 Tina Inlet Suite 068
West Thomas, MI 95183",-9.9087213,-116.9002891,Lake Kristin,compact,gated,9.42,"22:44:53, 2024-06-01 to 08:44:53, 2024-06-02",1.88
73,14,Vision-oriented 4thgeneration solution,"Option recognize upon few order anyone hold. Painting eat none sea. Local traditional way cell.
Human person Congress point process daughter. North trial nation development common.","2360 Harris Ferry Apt. 098
Whitebury, UT 90427",-47.1228886,109.3970914,Robertshire,standard,garage,4.51,"14:28:31, 2024-06-06 to 02:28:31, 2024-06-07",1.53
74,91,Compatible background infrastructure,Three least method station represent item. West difficult rich news little tonight.,"107 Grant Branch
Andersonburgh, AZ 94708",54.0278543,-115.6341104,Nicholasbury,large,driveway,14.86,"00:57:57, 2024-03-25 to 11:57:57, 2024-03-25",
75,52,Seamless hybrid policy,"Born your painting hot. Material tend call popular bank movement ever get.
Treatment race population left. Others have end else interest parent decide.","210 Tonya Unions Apt. 012
West Christopher, WI 56527",-74.9492781,167.1705759,Darrylberg,standard,driveway,4.02,"12:03:18, 2024-03-18 to 20:03:18, 2024-03-18",
76,1,Optimized needs-based open architecture,"Community why explain should again entire wait. Pattern artist view them. Series picture section reflect.
Church language knowledge design. Result at traditional.","10497 Hannah Manor
East Brandon, FL 56316",51.2635254,156.4765809,Thorntonchester,standard,street,14.63,"10:31:42, 2024-03-14 to 18:31:42, 2024-03-14",2.25
77,62,Vision-oriented context-sensitive service-desk,"President worker she everybody finally east station. Thus best property central level sit.
And social ball state human scene marriage lot. Ask campaign measure.","3217 Wright Gardens Suite 700
Annestad, AL 16305",22.4984355,154.085648,Kaylaport,compact,garage,11.68,"17:22:33, 2024-01-10 to 04:22:33, 2024-01-11",1.69
78,2,Programmable optimal intranet,"Will outside range strategy gun soon. Late lead teacher. Natural after guy next.
Door fill three eye study. Generation should town heart sister church.","0021 Patterson Tunnel Apt. 921
Randallmouth, FL 19277",-84.3926728,151.2225965,Wayneville,standard,driveway,14.94,"20:15:30, 2024-04-10 to 05:15:30, 2024-04-11",1.59
79,18,Advanced bottom-line framework,"Wall mission most executive. Record PM machine discuss here whether article. Face big media.
Doctor lawyer office law whose human. Head several concern these painting smile machine ability.","03510 Charles Harbors
East Brad, MP 85437",-67.4630311,128.838747,Emilyville,standard,garage,10.81,"21:48:00, 2024-03-02 to 01:48:00, 2024-03-03",
80,80,Compatible regional migration,"Heavy list clearly sound management. Husband nation surface.
Me window right personal throughout before. Not summer left fact fall strategy.
Catch whom college break. Fill region street simply.","259 Valdez Springs
Joneschester, CA 35572",68.376061,-121.9311776,Kurtton,standard,gated,10.49,"05:00:40, 2024-01-13 to 17:00:40, 2024-01-13",2.07
81,96,Visionary attitude-oriented functionalities,Bed production gun box theory economic create. Win full sister director clear fall. Some once property between move.,"031 Donald Haven Apt. 724
Matthewland, ID 02117",73.6214407,145.2970239,Johnsonton,standard,street,11.41,"03:43:57, 2024-06-02 to 11:43:57, 2024-06-02",
82,79,Sharable scalable circuit,"Beautiful smile scene mother cause. Card Democrat education degree. Your community eight happy structure become then.
Ability wonder commercial might. Especially seek cut husband camera peace sign.","8644 Patrick Orchard
Thompsonfurt, MT 36401",45.758108,-99.9527981,North Joshuaview,large,street,13.23,"01:47:11, 2024-03-30 to 03:47:11, 2024-03-30",
83,95,Fully-configurable tangible Graphic Interface,"World what financial worry use. Forget fine inside worker. Sort able value around above cold small.
Dream argue nature majority. Test because mission institution company about than.","USNV Rojas
FPO AE 05907",86.1489248,92.6905852,Stephensside,standard,garage,5.06,"04:06:51, 2024-03-16 to 10:06:51, 2024-03-16",
84,69,Decentralized impactful monitoring,Student member growth talk money decision. Enough remain quickly skin better stop or between. Baby majority meet again real.,"778 Berger Mission Apt. 811
South Kelliland, VT 76523",72.6786246,98.9174367,Robinsonton,standard,garage,3.52,"22:25:02, 2024-06-29 to 08:25:02, 2024-06-30",2.8
85,92,Self-enabling attitude-oriented installation,"Near blood physical compare. Source great floor coach medical.
Maybe investment pay about center event. Itself home expect energy eight out day suddenly.","Unit 2982 Box 2228
DPO AA 82358",-14.2835146,-121.2060569,Wattsmouth,compact,gated,6.79,"00:23:46, 2024-06-12 to 08:23:46, 2024-06-12",
86,80,Cross-platform value-added concept,"Whatever process against official. There country meet financial future nature Republican wife.
Late true husband wrong change without nice. Worry style this. Audience peace appear camera memory skin.","59418 Clark Causeway Suite 695
Carlstad, TX 00726",-74.349836,166.3359059,Katelynfort,standard,driveway,13.06,"18:01:36, 2024-05-14 to 22:01:36, 2024-05-14",
87,24,Reverse-engineered 24hour capacity,"Create agreement total growth remember. Term job inside former. Worker everybody fund rich speak plant management.
Move chance human prevent probably true. Either draw born cause new.","66756 Anderson Greens
New Shirley, MS 70163",64.8239529,59.3153128,Kelleyfurt,large,garage,4.43,"02:48:11, 2024-01-01 to 06:48:11, 2024-01-01",1.94
88,42,Exclusive exuding infrastructure,"Both movement agency power artist identify. Ground ten majority nearly guess.
Hour certainly of experience for. Care usually each behind land east Mrs per.
News friend someone size.","4036 Jean Shores Apt. 736
Yatesberg, FL 80824",76.1780373,-71.5105113,Lopezfurt,standard,garage,11.62,"16:56:27, 2024-01-04 to 00:56:27, 2024-01-05",
89,19,Organized incremental definition,"Cup instead particularly think amount you. Toward anything happen science wish near people religious. Series commercial dark manager article.
Shoulder four site about. Material American begin former.","6401 Sarah Stravenue
South Zachary, NM 18746",68.9263804,24.7200187,Michellehaven,compact,driveway,9.97,"21:48:38, 2024-02-06 to 02:48:38, 2024-02-07",
90,48,Synergized directional capacity,Start set century another international cup big care. Watch world fish medical authority pattern dream. Player job security nice walk not.,"040 Bolton Summit Apt. 627
Lake Christine, HI 42196",25.1325892,89.1426174,Christopherview,compact,driveway,9.88,"15:05:08, 2024-01-30 to 00:05:08, 2024-01-31",2.18
91,71,Open-source encompassing array,"Compare and fear. Drive difficult play.
Back he available. Hotel final when here. Few minute should nor sometimes cup.
Home already though. Along back minute left southern. Or relate any process.","005 Brown Springs Apt. 606
Heatherfurt, WI 70802",42.5526362,-132.6286454,Nicholasport,standard,garage,6.14,"15:18:53, 2024-04-19 to 19:18:53, 2024-04-19",
92,14,User-centric reciprocal knowledge user,"Onto edge without. Stay resource keep future four. By back and born sing throw sister.
Agency network level build much admit mission skin. Matter around walk character receive around agree actually.","61299 Sheila Ports
Lopezland, VT 64122",-35.9852912,164.427032,South Angela,compact,street,5.76,"15:41:54, 2024-03-24 to 21:41:54, 2024-03-24",1.7
93,50,Distributed intangible protocol,She case adult nice Mr affect. While live appear lay suddenly hot hold.,"280 Anthony Roads Apt. 609
Juliechester, OR 05414",14.6494052,35.6280481,North Jason,standard,gated,7.3,"22:14:53, 2024-06-24 to 00:14:53, 2024-06-25",
94,16,Implemented user-facing intranet,"Also board explain heart. Issue worker production lay exist possible me.
Tough magazine stuff mouth. Technology event really.","97866 Lauren Stravenue
South Melissa, MD 12883",26.6215321,22.8250653,Richardland,standard,street,3.04,"14:48:15, 2024-03-22 to 02:48:15, 2024-03-23",
95,100,Digitized executive definition,"Something teach very read subject bag scene not. Occur let produce find manage high.
Prepare rock your green. Chance worry often. Me hear send walk.","499 Nicole Lodge
West Timothyton, CT 55261",-11.5243353,153.8386877,West Jessicashire,large,street,14.65,"20:01:28, 2024-02-02 to 05:01:28, 2024-02-03",2.8
96,75,Polarized intangible alliance,"Billion modern value party try. Arm until light there up share. Size property bring although.
Stay north clear expert. Scene two summer tax tend. Specific read though finish at believe against.","08756 Todd Corners
Holmeston, WV 11904",51.8194693,-129.4774311,Sullivanborough,compact,driveway,8.47,"08:30:12, 2024-03-07 to 13:30:12, 2024-03-07",2.88
97,79,Profit-focused discrete leverage,"Unit somebody picture size. Man here with else shake court.
Grow authority start laugh.
Skill office important pass. Level spring speak war night laugh leader.","958 Rivera Mill Suite 784
Port Cheryl, AS 89658",73.5320505,66.3416938,West Carl,standard,gated,10.18,"11:32:21, 2024-04-15 to 20:32:21, 2024-04-15",2.54
98,30,Function-based explicit capability,Time class hour land. Beyond no fire character. Financial national already forward talk participant.,"312 Skinner Inlet
New Angela, WI 92652",22.3058398,166.590183,Port Jessicaview,compact,garage,13.48,"05:12:26, 2024-06-07 to 13:12:26, 2024-06-07",3
99,32,Multi-layered 24hour array,"Performance already dream none. Land same nation.
That reveal write page mean deal one. Local whatever money. Back free single final.","8814 Randolph Way Apt. 130
West Eugenefurt, WV 35238",58.920219,88.5404932,Port Raymondton,compact,gated,3.51,"02:55:18, 2024-02-10 to 12:55:18, 2024-02-10",
100,98,Balanced eco-centric application,"From stand child crime pull white five. Degree thought yes war difficult religious morning.
Gas nor throughout once staff drug brother. Book choice father full arrive opportunity.","082 Anthony Corner Apt. 849
Lake Alyssa, WI 61204",-1.8986622,-140.4798734,Aguilarstad,compact,driveway,13.79,"17:14:31, 2024-02-25 to 22:14:31, 2024-02-25",
